<?xml version="1.0" encoding="UTF-8"?>
<beans xmlns="http://www.springframework.org/schema/beans"
       xmlns:xsi="http://www.w3.org/2001/XMLSchema-instance"
       xmlns:context="http://www.springframework.org/schema/context"
       xmlns:p="http://www.springframework.org/schema/p"
       xsi:schemaLocation="
        http://www.springframework.org/schema/beans https://www.springframework.org/schema/beans/spring-beans.xsd
        http://www.springframework.org/schema/context https://www.springframework.org/schema/context/spring-context.xsd">
    
    <!-- bean definitions here -->
 	<context:component-scan base-package="com.library" />
    <bean class="com.library.BookService" name="service">
    <property name="bookname" value="The Legends of Pashuraam by Vineet Agarwal"/>
    <property name="books" ref="repository"/>
    </bean>
    
    <bean class="com.library.BookRepository" name="repository">
    <constructor-arg value="6"/>
    </bean>
    
</beans>
