<?xml version="1.0" encoding="UTF-8"?>
<beans xmlns="http://www.springframework.org/schema/beans"
       xmlns:xsi="http://www.w3.org/2001/XMLSchema-instance"
       xmlns:context="http://www.springframework.org/schema/context"
       xmlns:aop="http://www.springframework.org/schema/aop"
       xsi:schemaLocation="
        http://www.springframework.org/schema/beans https://www.springframework.org/schema/beans/spring-beans.xsd
        http://www.springframework.org/schema/context https://www.springframework.org/schema/context/spring-context.xsd
        http://www.springframework.org/schema/aop https://www.springframework.org/schema/aop/spring-aop.xsd">

    <context:component-scan base-package="com.library" />
    <aop:aspectj-autoproxy />

    <!-- Both Constructor and Setter Injections are Used Here-->
    <bean  class="com.library.BookService" name="bookService">
        <constructor-arg value="Vineet Agarwal" />
        <property name="bookname" value="The Legends of Pashuraam" />
        <property name="books" ref="bookRepository" />
    </bean>
    
  
    <bean  class="com.library.BookRepository" name="bookRepository">
        <constructor-arg value="6" />
    </bean>

</beans>
